Song,Length
Honky Tonk Woman - Live,4:53
Brown Sugar - Remastered 2009,3:48
Mary Jane's Last Dance,4:33
Are You Old Enough,4:08
It's a Long Way to the Top (If You Wanna Rock 'N' Roll),5:01
Dirty Deeds Done Dirt Cheap,3:51
Wild Flower,3:37
Gimme All Your Lovin',4:01
Tush (2006 Remaster),2:13
Blue Lady,3:53
Fire Woman,5:07
Rain,3:38
April Sun in Cuba,3:27
Why Does Love Do This To Me,3:25
Wanted Dead Or Alive,5:08
Say It Ain't So - Original Mix,4:18
Walk This Way,3:40
Hard To Handle,3:08
Are You Gonna Go My Way,3:31
Seven Nation Army,3:52
Interstate Love Song - 2019 Remaster,3:14
Hash Pipe,3:06
White Room,4:58
Crazy Little Thing Called Love - Remastered 2011,2:43
Rebel Yell,4:48
Addicted To Love,6:03
Come As You Are,3:38
Creep,3:58
Song 2 - 2012 Remaster,2:01
No One Knows,4:38
Heroes - 2017 Remaster,6:11
Santeria,3:02
Everlong,4:10
Sweet Home Alabama,4:43
Just What I Needed,3:45
Life in the Fast Lane - 2013 Remaster,4:46
Be Mine Tonight,6:07
White Wedding - Pt. 1,4:12
Run To You,3:53
Under the Bridge,4:24
Sweet Child O' Mine,5:56
Are You Gonna Be My Girl,3:33
Santa Monica,3:11
Molly's Chambers,2:14
Lonely Boy,3:13
Bliss,4:59
